{
    "encoder": [
        "encoder",
        "PcQ6K",
        "module",
        1
    ],
    "encoder_tb": [
        "encoder_tb",
        "VUnig",
        "module",
        2
    ],
    "AN3D1": [
        "AN3D1",
        "u4q3Y",
        "module",
        3
    ],
    "AOI21D1": [
        "AOI21D1",
        "FYdyP",
        "module",
        4
    ],
    "AOI22D1": [
        "AOI22D1",
        "AgwcR",
        "module",
        5
    ],
    "AOI31D1": [
        "AOI31D1",
        "s1zag",
        "module",
        6
    ],
    "CKXOR2D1": [
        "CKXOR2D1",
        "PTSFY",
        "module",
        7
    ],
    "DFKCSND1": [
        "DFKCSND1",
        "h0PHy",
        "module",
        8
    ],
    "DFQD1": [
        "DFQD1",
        "LAs6c",
        "module",
        9
    ],
    "DFQD4": [
        "DFQD4",
        "L7cg7",
        "module",
        10
    ],
    "IND2D1": [
        "IND2D1",
        "YvqGn",
        "module",
        11
    ],
    "INR2D1": [
        "INR2D1",
        "WQew9",
        "module",
        12
    ],
    "INVD1": [
        "INVD1",
        "IvxqW",
        "module",
        13
    ],
    "ND2D1": [
        "ND2D1",
        "E9Hjv",
        "module",
        14
    ],
    "NR2D1": [
        "NR2D1",
        "dtTRG",
        "module",
        15
    ],
    "NR3D0": [
        "NR3D0",
        "fKKhr",
        "module",
        16
    ],
    "NR4D0": [
        "NR4D0",
        "cAWUV",
        "module",
        17
    ],
    "OA21D1": [
        "OA21D1",
        "CprFE",
        "module",
        18
    ],
    "OAI21D1": [
        "OAI21D1",
        "NThCS",
        "module",
        19
    ],
    "...MASTER...": [
        "SIM",
        "amcQw",
        "module",
        20
    ],
    "tsmc_xbuf": [
        "tsmc_xbuf",
        "m6zeg",
        "udp",
        21
    ],
    "tsmc_dff": [
        "tsmc_dff",
        "df3ii",
        "udp",
        22
    ]
}